[{"name":"abstract fun onLongClick(entreno: Entreno)","description":"com.example.runimprove.OnClickListener.onLongClick","location":"app/com.example.runimprove/-on-click-listener/on-long-click.html","searchKeys":["onLongClick","abstract fun onLongClick(entreno: Entreno)","com.example.runimprove.OnClickListener.onLongClick"]},{"name":"class BajadasFragment : Fragment","description":"com.example.runimprove.BajadasFragment","location":"app/com.example.runimprove/-bajadas-fragment/index.html","searchKeys":["BajadasFragment","class BajadasFragment : Fragment","com.example.runimprove.BajadasFragment"]},{"name":"class DatabaseHelper(context: Context) : SQLiteOpenHelper","description":"com.example.runimprove.DatabaseHelper","location":"app/com.example.runimprove/-database-helper/index.html","searchKeys":["DatabaseHelper","class DatabaseHelper(context: Context) : SQLiteOpenHelper","com.example.runimprove.DatabaseHelper"]},{"name":"class EntrenoAdapter(var entrenoList: MutableList<Entreno>, listener: OnClickListener) : RecyclerView.Adapter<EntrenoAdapter.ViewHolder> ","description":"com.example.runimprove.EntrenoAdapter","location":"app/com.example.runimprove/-entreno-adapter/index.html","searchKeys":["EntrenoAdapter","class EntrenoAdapter(var entrenoList: MutableList<Entreno>, listener: OnClickListener) : RecyclerView.Adapter<EntrenoAdapter.ViewHolder> ","com.example.runimprove.EntrenoAdapter"]},{"name":"class EstiramientosFragment : Fragment","description":"com.example.runimprove.EstiramientosFragment","location":"app/com.example.runimprove/-estiramientos-fragment/index.html","searchKeys":["EstiramientosFragment","class EstiramientosFragment : Fragment","com.example.runimprove.EstiramientosFragment"]},{"name":"class GraficaActivity : AppCompatActivity","description":"com.example.runimprove.GraficaActivity","location":"app/com.example.runimprove/-grafica-activity/index.html","searchKeys":["GraficaActivity","class GraficaActivity : AppCompatActivity","com.example.runimprove.GraficaActivity"]},{"name":"class HistoricalActivity : AppCompatActivity, OnClickListener","description":"com.example.runimprove.HistoricalActivity","location":"app/com.example.runimprove/-historical-activity/index.html","searchKeys":["HistoricalActivity","class HistoricalActivity : AppCompatActivity, OnClickListener","com.example.runimprove.HistoricalActivity"]},{"name":"class HitFragment : Fragment","description":"com.example.runimprove.HitFragment","location":"app/com.example.runimprove/-hit-fragment/index.html","searchKeys":["HitFragment","class HitFragment : Fragment","com.example.runimprove.HitFragment"]},{"name":"class MainActivity : AppCompatActivity","description":"com.example.runimprove.MainActivity","location":"app/com.example.runimprove/-main-activity/index.html","searchKeys":["MainActivity","class MainActivity : AppCompatActivity","com.example.runimprove.MainActivity"]},{"name":"class ResistenciaFragment : Fragment","description":"com.example.runimprove.ResistenciaFragment","location":"app/com.example.runimprove/-resistencia-fragment/index.html","searchKeys":["ResistenciaFragment","class ResistenciaFragment : Fragment","com.example.runimprove.ResistenciaFragment"]},{"name":"class SprintsFragment : Fragment","description":"com.example.runimprove.SprintsFragment","location":"app/com.example.runimprove/-sprints-fragment/index.html","searchKeys":["SprintsFragment","class SprintsFragment : Fragment","com.example.runimprove.SprintsFragment"]},{"name":"class TecnicaFragment : Fragment","description":"com.example.runimprove.TecnicaFragment","location":"app/com.example.runimprove/-tecnica-fragment/index.html","searchKeys":["TecnicaFragment","class TecnicaFragment : Fragment","com.example.runimprove.TecnicaFragment"]},{"name":"class TrainingActivity : AppCompatActivity","description":"com.example.runimprove.TrainingActivity","location":"app/com.example.runimprove/-training-activity/index.html","searchKeys":["TrainingActivity","class TrainingActivity : AppCompatActivity","com.example.runimprove.TrainingActivity"]},{"name":"const val DATABASE_NAME: String","description":"com.example.runimprove.Constants.DATABASE_NAME","location":"app/com.example.runimprove/-constants/-d-a-t-a-b-a-s-e_-n-a-m-e.html","searchKeys":["DATABASE_NAME","const val DATABASE_NAME: String","com.example.runimprove.Constants.DATABASE_NAME"]},{"name":"const val DATABASE_VERSION: Int = 1","description":"com.example.runimprove.Constants.DATABASE_VERSION","location":"app/com.example.runimprove/-constants/-d-a-t-a-b-a-s-e_-v-e-r-s-i-o-n.html","searchKeys":["DATABASE_VERSION","const val DATABASE_VERSION: Int = 1","com.example.runimprove.Constants.DATABASE_VERSION"]},{"name":"const val ENTRENOS: String","description":"com.example.runimprove.Constants.ENTRENOS","location":"app/com.example.runimprove/-constants/-e-n-t-r-e-n-o-s.html","searchKeys":["ENTRENOS","const val ENTRENOS: String","com.example.runimprove.Constants.ENTRENOS"]},{"name":"const val PROPERTY_DATE: String","description":"com.example.runimprove.Constants.PROPERTY_DATE","location":"app/com.example.runimprove/-constants/-p-r-o-p-e-r-t-y_-d-a-t-e.html","searchKeys":["PROPERTY_DATE","const val PROPERTY_DATE: String","com.example.runimprove.Constants.PROPERTY_DATE"]},{"name":"const val PROPERTY_ID: String","description":"com.example.runimprove.Constants.PROPERTY_ID","location":"app/com.example.runimprove/-constants/-p-r-o-p-e-r-t-y_-i-d.html","searchKeys":["PROPERTY_ID","const val PROPERTY_ID: String","com.example.runimprove.Constants.PROPERTY_ID"]},{"name":"const val PROPERTY_PORCENTAJE: String","description":"com.example.runimprove.Constants.PROPERTY_PORCENTAJE","location":"app/com.example.runimprove/-constants/-p-r-o-p-e-r-t-y_-p-o-r-c-e-n-t-a-j-e.html","searchKeys":["PROPERTY_PORCENTAJE","const val PROPERTY_PORCENTAJE: String","com.example.runimprove.Constants.PROPERTY_PORCENTAJE"]},{"name":"const val PROPERTY_TIPO: String","description":"com.example.runimprove.Constants.PROPERTY_TIPO","location":"app/com.example.runimprove/-constants/-p-r-o-p-e-r-t-y_-t-i-p-o.html","searchKeys":["PROPERTY_TIPO","const val PROPERTY_TIPO: String","com.example.runimprove.Constants.PROPERTY_TIPO"]},{"name":"data class Entreno(var id: Long = 0, var tipo: String = \"\", var porcentaje: Double = 0.0, var fecha: String = now().toString())","description":"com.example.runimprove.Entreno","location":"app/com.example.runimprove/-entreno/index.html","searchKeys":["Entreno","data class Entreno(var id: Long = 0, var tipo: String = \"\", var porcentaje: Double = 0.0, var fecha: String = now().toString())","com.example.runimprove.Entreno"]},{"name":"fun BajadasFragment()","description":"com.example.runimprove.BajadasFragment.BajadasFragment","location":"app/com.example.runimprove/-bajadas-fragment/-bajadas-fragment.html","searchKeys":["BajadasFragment","fun BajadasFragment()","com.example.runimprove.BajadasFragment.BajadasFragment"]},{"name":"fun DatabaseHelper(context: Context)","description":"com.example.runimprove.DatabaseHelper.DatabaseHelper","location":"app/com.example.runimprove/-database-helper/-database-helper.html","searchKeys":["DatabaseHelper","fun DatabaseHelper(context: Context)","com.example.runimprove.DatabaseHelper.DatabaseHelper"]},{"name":"fun Entreno(id: Long = 0, tipo: String = \"\", porcentaje: Double = 0.0, fecha: String = now().toString())","description":"com.example.runimprove.Entreno.Entreno","location":"app/com.example.runimprove/-entreno/-entreno.html","searchKeys":["Entreno","fun Entreno(id: Long = 0, tipo: String = \"\", porcentaje: Double = 0.0, fecha: String = now().toString())","com.example.runimprove.Entreno.Entreno"]},{"name":"fun EntrenoAdapter(entrenoList: MutableList<Entreno>, listener: OnClickListener)","description":"com.example.runimprove.EntrenoAdapter.EntrenoAdapter","location":"app/com.example.runimprove/-entreno-adapter/-entreno-adapter.html","searchKeys":["EntrenoAdapter","fun EntrenoAdapter(entrenoList: MutableList<Entreno>, listener: OnClickListener)","com.example.runimprove.EntrenoAdapter.EntrenoAdapter"]},{"name":"fun EstiramientosFragment()","description":"com.example.runimprove.EstiramientosFragment.EstiramientosFragment","location":"app/com.example.runimprove/-estiramientos-fragment/-estiramientos-fragment.html","searchKeys":["EstiramientosFragment","fun EstiramientosFragment()","com.example.runimprove.EstiramientosFragment.EstiramientosFragment"]},{"name":"fun GraficaActivity()","description":"com.example.runimprove.GraficaActivity.GraficaActivity","location":"app/com.example.runimprove/-grafica-activity/-grafica-activity.html","searchKeys":["GraficaActivity","fun GraficaActivity()","com.example.runimprove.GraficaActivity.GraficaActivity"]},{"name":"fun HistoricalActivity()","description":"com.example.runimprove.HistoricalActivity.HistoricalActivity","location":"app/com.example.runimprove/-historical-activity/-historical-activity.html","searchKeys":["HistoricalActivity","fun HistoricalActivity()","com.example.runimprove.HistoricalActivity.HistoricalActivity"]},{"name":"fun HitFragment()","description":"com.example.runimprove.HitFragment.HitFragment","location":"app/com.example.runimprove/-hit-fragment/-hit-fragment.html","searchKeys":["HitFragment","fun HitFragment()","com.example.runimprove.HitFragment.HitFragment"]},{"name":"fun MainActivity()","description":"com.example.runimprove.MainActivity.MainActivity","location":"app/com.example.runimprove/-main-activity/-main-activity.html","searchKeys":["MainActivity","fun MainActivity()","com.example.runimprove.MainActivity.MainActivity"]},{"name":"fun OnClickButton(view: View)","description":"com.example.runimprove.MainActivity.OnClickButton","location":"app/com.example.runimprove/-main-activity/-on-click-button.html","searchKeys":["OnClickButton","fun OnClickButton(view: View)","com.example.runimprove.MainActivity.OnClickButton"]},{"name":"fun ResistenciaFragment()","description":"com.example.runimprove.ResistenciaFragment.ResistenciaFragment","location":"app/com.example.runimprove/-resistencia-fragment/-resistencia-fragment.html","searchKeys":["ResistenciaFragment","fun ResistenciaFragment()","com.example.runimprove.ResistenciaFragment.ResistenciaFragment"]},{"name":"fun SprintsFragment()","description":"com.example.runimprove.SprintsFragment.SprintsFragment","location":"app/com.example.runimprove/-sprints-fragment/-sprints-fragment.html","searchKeys":["SprintsFragment","fun SprintsFragment()","com.example.runimprove.SprintsFragment.SprintsFragment"]},{"name":"fun TecnicaFragment()","description":"com.example.runimprove.TecnicaFragment.TecnicaFragment","location":"app/com.example.runimprove/-tecnica-fragment/-tecnica-fragment.html","searchKeys":["TecnicaFragment","fun TecnicaFragment()","com.example.runimprove.TecnicaFragment.TecnicaFragment"]},{"name":"fun TrainingActivity()","description":"com.example.runimprove.TrainingActivity.TrainingActivity","location":"app/com.example.runimprove/-training-activity/-training-activity.html","searchKeys":["TrainingActivity","fun TrainingActivity()","com.example.runimprove.TrainingActivity.TrainingActivity"]},{"name":"fun ViewHolder(view: View)","description":"com.example.runimprove.EntrenoAdapter.ViewHolder.ViewHolder","location":"app/com.example.runimprove/-entreno-adapter/-view-holder/-view-holder.html","searchKeys":["ViewHolder","fun ViewHolder(view: View)","com.example.runimprove.EntrenoAdapter.ViewHolder.ViewHolder"]},{"name":"fun deleteAllEntreno(): Boolean","description":"com.example.runimprove.DatabaseHelper.deleteAllEntreno","location":"app/com.example.runimprove/-database-helper/delete-all-entreno.html","searchKeys":["deleteAllEntreno","fun deleteAllEntreno(): Boolean","com.example.runimprove.DatabaseHelper.deleteAllEntreno"]},{"name":"fun deleteEntreno(entreno: Entreno): Boolean","description":"com.example.runimprove.DatabaseHelper.deleteEntreno","location":"app/com.example.runimprove/-database-helper/delete-entreno.html","searchKeys":["deleteEntreno","fun deleteEntreno(entreno: Entreno): Boolean","com.example.runimprove.DatabaseHelper.deleteEntreno"]},{"name":"fun getAllEntrenos(): MutableList<Entreno>","description":"com.example.runimprove.DatabaseHelper.getAllEntrenos","location":"app/com.example.runimprove/-database-helper/get-all-entrenos.html","searchKeys":["getAllEntrenos","fun getAllEntrenos(): MutableList<Entreno>","com.example.runimprove.DatabaseHelper.getAllEntrenos"]},{"name":"fun getEntrenos()","description":"com.example.runimprove.HistoricalActivity.getEntrenos","location":"app/com.example.runimprove/-historical-activity/get-entrenos.html","searchKeys":["getEntrenos","fun getEntrenos()","com.example.runimprove.HistoricalActivity.getEntrenos"]},{"name":"fun insertEntreno(tipo: String, porcentaje: Double, fecha: String): Long","description":"com.example.runimprove.DatabaseHelper.insertEntreno","location":"app/com.example.runimprove/-database-helper/insert-entreno.html","searchKeys":["insertEntreno","fun insertEntreno(tipo: String, porcentaje: Double, fecha: String): Long","com.example.runimprove.DatabaseHelper.insertEntreno"]},{"name":"fun onCheckboxClicked(view: View)","description":"com.example.runimprove.TrainingActivity.onCheckboxClicked","location":"app/com.example.runimprove/-training-activity/on-checkbox-clicked.html","searchKeys":["onCheckboxClicked","fun onCheckboxClicked(view: View)","com.example.runimprove.TrainingActivity.onCheckboxClicked"]},{"name":"fun onSaveClicked(view: View)","description":"com.example.runimprove.TrainingActivity.onSaveClicked","location":"app/com.example.runimprove/-training-activity/on-save-clicked.html","searchKeys":["onSaveClicked","fun onSaveClicked(view: View)","com.example.runimprove.TrainingActivity.onSaveClicked"]},{"name":"fun remove(entreno: Entreno)","description":"com.example.runimprove.EntrenoAdapter.remove","location":"app/com.example.runimprove/-entreno-adapter/remove.html","searchKeys":["remove","fun remove(entreno: Entreno)","com.example.runimprove.EntrenoAdapter.remove"]},{"name":"fun removeAll()","description":"com.example.runimprove.EntrenoAdapter.removeAll","location":"app/com.example.runimprove/-entreno-adapter/remove-all.html","searchKeys":["removeAll","fun removeAll()","com.example.runimprove.EntrenoAdapter.removeAll"]},{"name":"fun setListener(entreno: Entreno)","description":"com.example.runimprove.EntrenoAdapter.ViewHolder.setListener","location":"app/com.example.runimprove/-entreno-adapter/-view-holder/set-listener.html","searchKeys":["setListener","fun setListener(entreno: Entreno)","com.example.runimprove.EntrenoAdapter.ViewHolder.setListener"]},{"name":"fun stadistic(): MutableList<Int>","description":"com.example.runimprove.DatabaseHelper.stadistic","location":"app/com.example.runimprove/-database-helper/stadistic.html","searchKeys":["stadistic","fun stadistic(): MutableList<Int>","com.example.runimprove.DatabaseHelper.stadistic"]},{"name":"inner class ViewHolder(view: View) : RecyclerView.ViewHolder","description":"com.example.runimprove.EntrenoAdapter.ViewHolder","location":"app/com.example.runimprove/-entreno-adapter/-view-holder/index.html","searchKeys":["ViewHolder","inner class ViewHolder(view: View) : RecyclerView.ViewHolder","com.example.runimprove.EntrenoAdapter.ViewHolder"]},{"name":"interface OnClickListener","description":"com.example.runimprove.OnClickListener","location":"app/com.example.runimprove/-on-click-listener/index.html","searchKeys":["OnClickListener","interface OnClickListener","com.example.runimprove.OnClickListener"]},{"name":"object Constants","description":"com.example.runimprove.Constants","location":"app/com.example.runimprove/-constants/index.html","searchKeys":["Constants","object Constants","com.example.runimprove.Constants"]},{"name":"open override fun getItemCount(): Int","description":"com.example.runimprove.EntrenoAdapter.getItemCount","location":"app/com.example.runimprove/-entreno-adapter/get-item-count.html","searchKeys":["getItemCount","open override fun getItemCount(): Int","com.example.runimprove.EntrenoAdapter.getItemCount"]},{"name":"open override fun onBindViewHolder(holder: EntrenoAdapter.ViewHolder, position: Int)","description":"com.example.runimprove.EntrenoAdapter.onBindViewHolder","location":"app/com.example.runimprove/-entreno-adapter/on-bind-view-holder.html","searchKeys":["onBindViewHolder","open override fun onBindViewHolder(holder: EntrenoAdapter.ViewHolder, position: Int)","com.example.runimprove.EntrenoAdapter.onBindViewHolder"]},{"name":"open override fun onCreate(db: SQLiteDatabase?)","description":"com.example.runimprove.DatabaseHelper.onCreate","location":"app/com.example.runimprove/-database-helper/on-create.html","searchKeys":["onCreate","open override fun onCreate(db: SQLiteDatabase?)","com.example.runimprove.DatabaseHelper.onCreate"]},{"name":"open override fun onCreateView(inflater: LayoutInflater, container: ViewGroup?, savedInstanceState: Bundle?): View?","description":"com.example.runimprove.BajadasFragment.onCreateView","location":"app/com.example.runimprove/-bajadas-fragment/on-create-view.html","searchKeys":["onCreateView","open override fun onCreateView(inflater: LayoutInflater, container: ViewGroup?, savedInstanceState: Bundle?): View?","com.example.runimprove.BajadasFragment.onCreateView"]},{"name":"open override fun onCreateView(inflater: LayoutInflater, container: ViewGroup?, savedInstanceState: Bundle?): View?","description":"com.example.runimprove.EstiramientosFragment.onCreateView","location":"app/com.example.runimprove/-estiramientos-fragment/on-create-view.html","searchKeys":["onCreateView","open override fun onCreateView(inflater: LayoutInflater, container: ViewGroup?, savedInstanceState: Bundle?): View?","com.example.runimprove.EstiramientosFragment.onCreateView"]},{"name":"open override fun onCreateView(inflater: LayoutInflater, container: ViewGroup?, savedInstanceState: Bundle?): View?","description":"com.example.runimprove.HitFragment.onCreateView","location":"app/com.example.runimprove/-hit-fragment/on-create-view.html","searchKeys":["onCreateView","open override fun onCreateView(inflater: LayoutInflater, container: ViewGroup?, savedInstanceState: Bundle?): View?","com.example.runimprove.HitFragment.onCreateView"]},{"name":"open override fun onCreateView(inflater: LayoutInflater, container: ViewGroup?, savedInstanceState: Bundle?): View?","description":"com.example.runimprove.ResistenciaFragment.onCreateView","location":"app/com.example.runimprove/-resistencia-fragment/on-create-view.html","searchKeys":["onCreateView","open override fun onCreateView(inflater: LayoutInflater, container: ViewGroup?, savedInstanceState: Bundle?): View?","com.example.runimprove.ResistenciaFragment.onCreateView"]},{"name":"open override fun onCreateView(inflater: LayoutInflater, container: ViewGroup?, savedInstanceState: Bundle?): View?","description":"com.example.runimprove.SprintsFragment.onCreateView","location":"app/com.example.runimprove/-sprints-fragment/on-create-view.html","searchKeys":["onCreateView","open override fun onCreateView(inflater: LayoutInflater, container: ViewGroup?, savedInstanceState: Bundle?): View?","com.example.runimprove.SprintsFragment.onCreateView"]},{"name":"open override fun onCreateView(inflater: LayoutInflater, container: ViewGroup?, savedInstanceState: Bundle?): View?","description":"com.example.runimprove.TecnicaFragment.onCreateView","location":"app/com.example.runimprove/-tecnica-fragment/on-create-view.html","searchKeys":["onCreateView","open override fun onCreateView(inflater: LayoutInflater, container: ViewGroup?, savedInstanceState: Bundle?): View?","com.example.runimprove.TecnicaFragment.onCreateView"]},{"name":"open override fun onCreateViewHolder(parent: ViewGroup, viewType: Int): EntrenoAdapter.ViewHolder","description":"com.example.runimprove.EntrenoAdapter.onCreateViewHolder","location":"app/com.example.runimprove/-entreno-adapter/on-create-view-holder.html","searchKeys":["onCreateViewHolder","open override fun onCreateViewHolder(parent: ViewGroup, viewType: Int): EntrenoAdapter.ViewHolder","com.example.runimprove.EntrenoAdapter.onCreateViewHolder"]},{"name":"open override fun onDestroy()","description":"com.example.runimprove.BajadasFragment.onDestroy","location":"app/com.example.runimprove/-bajadas-fragment/on-destroy.html","searchKeys":["onDestroy","open override fun onDestroy()","com.example.runimprove.BajadasFragment.onDestroy"]},{"name":"open override fun onDestroy()","description":"com.example.runimprove.EstiramientosFragment.onDestroy","location":"app/com.example.runimprove/-estiramientos-fragment/on-destroy.html","searchKeys":["onDestroy","open override fun onDestroy()","com.example.runimprove.EstiramientosFragment.onDestroy"]},{"name":"open override fun onDestroy()","description":"com.example.runimprove.HitFragment.onDestroy","location":"app/com.example.runimprove/-hit-fragment/on-destroy.html","searchKeys":["onDestroy","open override fun onDestroy()","com.example.runimprove.HitFragment.onDestroy"]},{"name":"open override fun onDestroy()","description":"com.example.runimprove.ResistenciaFragment.onDestroy","location":"app/com.example.runimprove/-resistencia-fragment/on-destroy.html","searchKeys":["onDestroy","open override fun onDestroy()","com.example.runimprove.ResistenciaFragment.onDestroy"]},{"name":"open override fun onDestroy()","description":"com.example.runimprove.SprintsFragment.onDestroy","location":"app/com.example.runimprove/-sprints-fragment/on-destroy.html","searchKeys":["onDestroy","open override fun onDestroy()","com.example.runimprove.SprintsFragment.onDestroy"]},{"name":"open override fun onDestroy()","description":"com.example.runimprove.TecnicaFragment.onDestroy","location":"app/com.example.runimprove/-tecnica-fragment/on-destroy.html","searchKeys":["onDestroy","open override fun onDestroy()","com.example.runimprove.TecnicaFragment.onDestroy"]},{"name":"open override fun onLongClick(entreno: Entreno)","description":"com.example.runimprove.HistoricalActivity.onLongClick","location":"app/com.example.runimprove/-historical-activity/on-long-click.html","searchKeys":["onLongClick","open override fun onLongClick(entreno: Entreno)","com.example.runimprove.HistoricalActivity.onLongClick"]},{"name":"open override fun onSupportNavigateUp(): Boolean","description":"com.example.runimprove.GraficaActivity.onSupportNavigateUp","location":"app/com.example.runimprove/-grafica-activity/on-support-navigate-up.html","searchKeys":["onSupportNavigateUp","open override fun onSupportNavigateUp(): Boolean","com.example.runimprove.GraficaActivity.onSupportNavigateUp"]},{"name":"open override fun onSupportNavigateUp(): Boolean","description":"com.example.runimprove.HistoricalActivity.onSupportNavigateUp","location":"app/com.example.runimprove/-historical-activity/on-support-navigate-up.html","searchKeys":["onSupportNavigateUp","open override fun onSupportNavigateUp(): Boolean","com.example.runimprove.HistoricalActivity.onSupportNavigateUp"]},{"name":"open override fun onSupportNavigateUp(): Boolean","description":"com.example.runimprove.MainActivity.onSupportNavigateUp","location":"app/com.example.runimprove/-main-activity/on-support-navigate-up.html","searchKeys":["onSupportNavigateUp","open override fun onSupportNavigateUp(): Boolean","com.example.runimprove.MainActivity.onSupportNavigateUp"]},{"name":"open override fun onSupportNavigateUp(): Boolean","description":"com.example.runimprove.TrainingActivity.onSupportNavigateUp","location":"app/com.example.runimprove/-training-activity/on-support-navigate-up.html","searchKeys":["onSupportNavigateUp","open override fun onSupportNavigateUp(): Boolean","com.example.runimprove.TrainingActivity.onSupportNavigateUp"]},{"name":"open override fun onUpgrade(db: SQLiteDatabase?, oldVersion: Int, newVersion: Int)","description":"com.example.runimprove.DatabaseHelper.onUpgrade","location":"app/com.example.runimprove/-database-helper/on-upgrade.html","searchKeys":["onUpgrade","open override fun onUpgrade(db: SQLiteDatabase?, oldVersion: Int, newVersion: Int)","com.example.runimprove.DatabaseHelper.onUpgrade"]},{"name":"open override fun onViewCreated(view: View, savedInstanceState: Bundle?)","description":"com.example.runimprove.BajadasFragment.onViewCreated","location":"app/com.example.runimprove/-bajadas-fragment/on-view-created.html","searchKeys":["onViewCreated","open override fun onViewCreated(view: View, savedInstanceState: Bundle?)","com.example.runimprove.BajadasFragment.onViewCreated"]},{"name":"open override fun onViewCreated(view: View, savedInstanceState: Bundle?)","description":"com.example.runimprove.EstiramientosFragment.onViewCreated","location":"app/com.example.runimprove/-estiramientos-fragment/on-view-created.html","searchKeys":["onViewCreated","open override fun onViewCreated(view: View, savedInstanceState: Bundle?)","com.example.runimprove.EstiramientosFragment.onViewCreated"]},{"name":"open override fun onViewCreated(view: View, savedInstanceState: Bundle?)","description":"com.example.runimprove.HitFragment.onViewCreated","location":"app/com.example.runimprove/-hit-fragment/on-view-created.html","searchKeys":["onViewCreated","open override fun onViewCreated(view: View, savedInstanceState: Bundle?)","com.example.runimprove.HitFragment.onViewCreated"]},{"name":"open override fun onViewCreated(view: View, savedInstanceState: Bundle?)","description":"com.example.runimprove.ResistenciaFragment.onViewCreated","location":"app/com.example.runimprove/-resistencia-fragment/on-view-created.html","searchKeys":["onViewCreated","open override fun onViewCreated(view: View, savedInstanceState: Bundle?)","com.example.runimprove.ResistenciaFragment.onViewCreated"]},{"name":"open override fun onViewCreated(view: View, savedInstanceState: Bundle?)","description":"com.example.runimprove.SprintsFragment.onViewCreated","location":"app/com.example.runimprove/-sprints-fragment/on-view-created.html","searchKeys":["onViewCreated","open override fun onViewCreated(view: View, savedInstanceState: Bundle?)","com.example.runimprove.SprintsFragment.onViewCreated"]},{"name":"open override fun onViewCreated(view: View, savedInstanceState: Bundle?)","description":"com.example.runimprove.TecnicaFragment.onViewCreated","location":"app/com.example.runimprove/-tecnica-fragment/on-view-created.html","searchKeys":["onViewCreated","open override fun onViewCreated(view: View, savedInstanceState: Bundle?)","com.example.runimprove.TecnicaFragment.onViewCreated"]},{"name":"val binding: <ERROR CLASS>","description":"com.example.runimprove.EntrenoAdapter.ViewHolder.binding","location":"app/com.example.runimprove/-entreno-adapter/-view-holder/binding.html","searchKeys":["binding","val binding: <ERROR CLASS>","com.example.runimprove.EntrenoAdapter.ViewHolder.binding"]},{"name":"var entrenoList: MutableList<Entreno>","description":"com.example.runimprove.EntrenoAdapter.entrenoList","location":"app/com.example.runimprove/-entreno-adapter/entreno-list.html","searchKeys":["entrenoList","var entrenoList: MutableList<Entreno>","com.example.runimprove.EntrenoAdapter.entrenoList"]},{"name":"var fecha: String","description":"com.example.runimprove.Entreno.fecha","location":"app/com.example.runimprove/-entreno/fecha.html","searchKeys":["fecha","var fecha: String","com.example.runimprove.Entreno.fecha"]},{"name":"var id: Long = 0","description":"com.example.runimprove.Entreno.id","location":"app/com.example.runimprove/-entreno/id.html","searchKeys":["id","var id: Long = 0","com.example.runimprove.Entreno.id"]},{"name":"var porcentaje: Double = 0.0","description":"com.example.runimprove.Entreno.porcentaje","location":"app/com.example.runimprove/-entreno/porcentaje.html","searchKeys":["porcentaje","var porcentaje: Double = 0.0","com.example.runimprove.Entreno.porcentaje"]},{"name":"var porcentajeEntreno: Double = 0.0","description":"com.example.runimprove.TrainingActivity.porcentajeEntreno","location":"app/com.example.runimprove/-training-activity/porcentaje-entreno.html","searchKeys":["porcentajeEntreno","var porcentajeEntreno: Double = 0.0","com.example.runimprove.TrainingActivity.porcentajeEntreno"]},{"name":"var tipo: String","description":"com.example.runimprove.Entreno.tipo","location":"app/com.example.runimprove/-entreno/tipo.html","searchKeys":["tipo","var tipo: String","com.example.runimprove.Entreno.tipo"]}]
